<?xml version="1.0" encoding="UTF-8"?>
<project-private xmlns="http://www.netbeans.org/ns/project-private/1">
    <editor-bookmarks xmlns="http://www.netbeans.org/ns/editor-bookmarks/2" lastBookmarkId="0"/>
    <open-files xmlns="http://www.netbeans.org/ns/projectui-open-files/2">
        <group>
            <file>file:/C:/Users/Angel/Desktop/Angel%20Universidad%209/5.-Seminario%20de%20Sistemas%20Computacionales%20II/Unidad%202/Patron_Observer/src/Acelerador.java</file>
            <file>file:/C:/Users/Angel/Desktop/Angel%20Universidad%209/5.-Seminario%20de%20Sistemas%20Computacionales%20II/Unidad%202/Patron_Observer/src/Motor.java</file>
            <file>file:/C:/Users/Angel/Desktop/Angel%20Universidad%209/5.-Seminario%20de%20Sistemas%20Computacionales%20II/Unidad%202/Patron_Observer/src/Main.java</file>
            <file>file:/C:/Users/Angel/Desktop/Angel%20Universidad%209/5.-Seminario%20de%20Sistemas%20Computacionales%20II/Unidad%202/Patron_Observer/src/Observador.java</file>
            <file>file:/C:/Users/Angel/Desktop/Angel%20Universidad%209/5.-Seminario%20de%20Sistemas%20Computacionales%20II/Unidad%202/Patron_Observer/src/SujetoObservable.java</file>
        </group>
    </open-files>
</project-private>
